IP;Port;Country;Organization;Title;Version
###;8069;South Sudan;#####;Odoo;13
###;8069;South Sudan;#####;Odoo;13
###;8069;South Sudan;#####;Odoo;13
###;8069;South Sudan;#####;Odoo;14
###;18076;Gambia;#####;Odoo;14
###;8072;Benin;#####;Odoo;14
###;8014;Angola;#####;Odoo;15
###;8069;South Sudan;#####;Odoo;15
###;80;Angola;#####;Odoo;16
###;8069;Zambia;#####;Odoo;16
###;8069;Benin;#####;Odoo;16
###;8069;Benin;#####;Odoo;16
###;8071;Benin;#####;Odoo;16
###;8010;Benin;#####;Odoo;16
###;8069;South Sudan;#####;Odoo;17
###;8069;Zambia;#####;Odoo;17
###;8069;Zambia;#####;Odoo;17
###;8069;Zambia;#####;Odoo;17
###;8851;South Sudan;#####;Odoo;18
###;8069;Zambia;#####;Odoo;18
###;8070;Algeria;#####;Odoo;13.0
###;8070;Algeria;#####;Odoo;13.0
###;8069;Ghana;#####;Odoo;13.0
###;8069;Ghana;#####;Odoo;13.0
###;8069;Ghana;#####;Odoo;13.0
###;8069;Ghana;#####;Odoo;13.0
###;8069;Ghana;#####;Odoo;13.0
###;8069;Ghana;#####;Odoo;13.0
###;8069;Ghana;#####;Odoo;13.0
###;8069;Ghana;#####;Odoo;13.0
###;8069;Ghana;#####;Odoo;13.0
###;8069;Ghana;#####;Odoo;13.0
###;8090;Libya;#####;Odoo;13.0
###;8067;South Africa;#####;Odoo;13.0
###;8069;South Africa;#####;Odoo;13.0
###;80;Somalia;#####;Odoo;13.0
###;8870;Somalia;#####;Odoo;13.0
###;80;Somalia;#####;Odoo;13.0
###;80;Nigeria;#####;Odoo;13.0
###;8010;Nigeria;#####;Odoo;13.0
###;8069;Nigeria;#####;Odoo;13.0
###;80;Tanzania, United Republic of;#####;Odoo;13.0
###;8013;Tanzania, United Republic of;#####;Odoo;13.0
###;8069;Kenya;#####;Odoo;13.0
###;8069;Kenya;#####;Odoo;13.0
###;80;Egypt;#####;Odoo;13.0
###;80;Egypt;#####;Odoo;13.0
###;8072;Egypt;#####;Odoo;13.0
###;8069;Egypt;#####;Odoo;13.0
###;8069;Egypt;#####;Odoo;13.0
###;8080;Egypt;#####;Odoo;13.0
###;8069;Egypt;#####;Odoo;13.0
###;8069;Egypt;#####;Odoo;13.0
###;8069;Egypt;#####;Odoo;13.0
###;8069;Egypt;#####;Odoo;13.0
###;8069;Egypt;#####;Odoo;13.0
###;4010;Egypt;#####;Odoo;13.0
###;8069;Egypt;#####;Odoo;13.0
###;8069;Tunisia;#####;Odoo;13.0
###;8069;Tunisia;#####;Odoo;13.0
###;8099;Tunisia;#####;Odoo;13.0
###;8069;Tunisia;#####;Odoo;13.0
###;80;Madagascar;#####;Odoo;13.0
###;8069;Madagascar;#####;Odoo;13.0
###;8069;Madagascar;#####;Odoo;13.0
###;8069;Mozambique;#####;Odoo;13.0
###;9999;Morocco;#####;Odoo;13.0
###;8070;Morocco;#####;Odoo;13.0
###;8069;Morocco;#####;Odoo;13.0
###;4200;Morocco;#####;Odoo;13.0
###;80;Guinea;#####;Odoo;14.0
###;34500;Guinea;#####;Odoo;14.0
###;8079;Algeria;#####;Odoo;14.0
###;8069;Algeria;#####;Odoo;14.0
###;8069;Algeria;#####;Odoo;14.0
###;8069;Algeria;#####;Odoo;14.0
###;8069;Algeria;#####;Odoo;14.0
###;8069;Côte d'Ivoire;#####;Odoo;14.0
###;8069;Chad;#####;Odoo;14.0
###;8069;Chad;#####;Odoo;14.0
###;80;Ghana;#####;Odoo;14.0
###;8069;Libya;#####;Odoo;14.0
###;80;Libya;#####;Odoo;14.0
###;8069;Libya;#####;Odoo;14.0
###;80;South Africa;#####;Odoo;14.0
###;80;South Africa;#####;Odoo;14.0
###;8069;South Africa;#####;Odoo;14.0
###;8069;South Africa;#####;Odoo;14.0
###;8069;South Africa;#####;Odoo;14.0
###;8069;South Africa;#####;Odoo;14.0
###;7079;South Africa;#####;Odoo;14.0
###;8064;South Africa;#####;Odoo;14.0
###;8064;South Africa;#####;Odoo;14.0
###;44500;Mali;#####;Odoo;14.0
###;8069;Mali;#####;Odoo;14.0
###;8069;Mali;#####;Odoo;14.0
###;80;Somalia;#####;Odoo;14.0
###;8070;Somalia;#####;Odoo;14.0
###;8069;Mauritius;#####;Odoo;14.0
###;8069;Nigeria;#####;Odoo;14.0
###;8069;Nigeria;#####;Odoo;14.0
###;8069;Ethiopia;#####;Odoo;14.0
###;8069;Ethiopia;#####;Odoo;14.0
###;8069;Ethiopia;#####;Odoo;14.0
###;8069;Ethiopia;#####;Odoo;14.0
###;8069;Kenya;#####;Odoo;14.0
###;8069;Kenya;#####;Odoo;14.0
###;8069;Egypt;#####;Odoo;14.0
###;8069;Egypt;#####;Odoo;14.0
###;80;Egypt;#####;Odoo;14.0
###;8069;Egypt;#####;Odoo;14.0
###;8069;Egypt;#####;Odoo;14.0
###;8069;Egypt;#####;Odoo;14.0
###;8069;Egypt;#####;Odoo;14.0
###;8069;Egypt;#####;Odoo;14.0
###;8069;Egypt;#####;Odoo;14.0
###;8069;Egypt;#####;Odoo;14.0
###;80;Egypt;#####;Odoo;14.0
###;8069;Egypt;#####;Odoo;14.0
###;8069;Egypt;#####;Odoo;14.0
###;8069;Egypt;#####;Odoo;14.0
###;8069;Egypt;#####;Odoo;14.0
###;8069;Egypt;#####;Odoo;14.0
###;8069;Tunisia;#####;Odoo;14.0
###;8069;Madagascar;#####;Odoo;14.0
###;80;Madagascar;#####;Odoo;14.0
###;8080;Madagascar;#####;Odoo;14.0
###;80;Madagascar;#####;Odoo;14.0
###;9090;Uganda;#####;Odoo;14.0
###;8117;Uganda;#####;Odoo;14.0
###;80;Uganda;#####;Odoo;14.0
###;8069;Uganda;#####;Odoo;14.0
###;8069;Sudan;#####;Odoo;14.0
###;8060;Sudan;#####;Odoo;14.0
###;80;Sudan;#####;Odoo;14.0
###;8069;Sudan;#####;Odoo;14.0
###;8014;Morocco;#####;Odoo;14.0
###;5010;Morocco;#####;Odoo;14.0
###;4300;Morocco;#####;Odoo;14.0
###;8069;Morocco;#####;Odoo;14.0
###;8012;Morocco;#####;Odoo;14.0
###;8090;Morocco;#####;Odoo;14.0
###;8070;Morocco;#####;Odoo;14.0
###;8069;Morocco;#####;Odoo;14.0
###;8069;Morocco;#####;Odoo;14.0
###;8069;Morocco;#####;Odoo;14.0
###;8014;Morocco;#####;Odoo;14.0
###;80;Senegal;#####;Odoo;15.0
###;2200;Guinea;#####;Odoo;15.0
###;8069;Algeria;#####;Odoo;15.0
###;8069;Algeria;#####;Odoo;15.0
###;8098;Algeria;#####;Odoo;15.0
###;8069;Algeria;#####;Odoo;15.0
###;1969;Algeria;#####;Odoo;15.0
###;8072;Algeria;#####;Odoo;15.0
###;8072;Algeria;#####;Odoo;15.0
###;8069;Côte d'Ivoire;#####;Odoo;15.0
###;8090;Côte d'Ivoire;#####;Odoo;15.0
###;8075;Côte d'Ivoire;#####;Odoo;15.0
###;8069;Côte d'Ivoire;#####;Odoo;15.0
###;8069;Ghana;#####;Odoo;15.0
###;2063;Libya;#####;Odoo;15.0
###;7016;Libya;#####;Odoo;15.0
###;9167;Libya;#####;Odoo;15.0
###;1024;Libya;#####;Odoo;15.0
###;16042;Libya;#####;Odoo;15.0
###;11688;Libya;#####;Odoo;15.0
###;1976;Libya;#####;Odoo;15.0
###;8605;Libya;#####;Odoo;15.0
###;5998;Libya;#####;Odoo;15.0
###;10013;Libya;#####;Odoo;15.0
###;52200;Libya;#####;Odoo;15.0
###;8069;Libya;#####;Odoo;15.0
###;52311;Libya;#####;Odoo;15.0
###;10909;Libya;#####;Odoo;15.0
###;6581;Libya;#####;Odoo;15.0
###;3168;Libya;#####;Odoo;15.0
###;9205;Libya;#####;Odoo;15.0
###;12555;Libya;#####;Odoo;15.0
###;8023;Libya;#####;Odoo;15.0
###;9120;Libya;#####;Odoo;15.0
###;30013;Libya;#####;Odoo;15.0
###;8090;Libya;#####;Odoo;15.0
###;7547;Libya;#####;Odoo;15.0
###;995;Libya;#####;Odoo;15.0
###;3175;Libya;#####;Odoo;15.0
###;3148;Libya;#####;Odoo;15.0
###;8163;Libya;#####;Odoo;15.0
###;685;Libya;#####;Odoo;15.0
###;50004;Libya;#####;Odoo;15.0
###;6633;Libya;#####;Odoo;15.0
###;5357;Libya;#####;Odoo;15.0
###;5259;Libya;#####;Odoo;15.0
###;9383;Libya;#####;Odoo;15.0
###;44341;Libya;#####;Odoo;15.0
###;9037;Libya;#####;Odoo;15.0
###;8001;Libya;#####;Odoo;15.0
###;8871;Libya;#####;Odoo;15.0
###;4848;Libya;#####;Odoo;15.0
###;221;Libya;#####;Odoo;15.0
###;9191;Libya;#####;Odoo;15.0
###;12199;Libya;#####;Odoo;15.0
###;3345;Libya;#####;Odoo;15.0
###;548;Libya;#####;Odoo;15.0
###;10080;Libya;#####;Odoo;15.0
###;5242;Libya;#####;Odoo;15.0
###;42424;Libya;#####;Odoo;15.0
###;8069;Libya;#####;Odoo;15.0
###;5601;Libya;#####;Odoo;15.0
###;8440;Libya;#####;Odoo;15.0
###;63443;Libya;#####;Odoo;15.0
###;110;Libya;#####;Odoo;15.0
###;12525;Libya;#####;Odoo;15.0
###;18057;Libya;#####;Odoo;15.0
###;8185;Libya;#####;Odoo;15.0
###;7887;Libya;#####;Odoo;15.0
###;8010;Libya;#####;Odoo;15.0
###;3132;Libya;#####;Odoo;15.0
###;2404;Libya;#####;Odoo;15.0
###;44399;Libya;#####;Odoo;15.0
###;57788;Libya;#####;Odoo;15.0
###;9869;Libya;#####;Odoo;15.0
###;16404;Libya;#####;Odoo;15.0
###;179;Libya;#####;Odoo;15.0
###;8112;Libya;#####;Odoo;15.0
###;12547;Libya;#####;Odoo;15.0
###;31001;Libya;#####;Odoo;15.0
###;12295;Libya;#####;Odoo;15.0
###;5022;Libya;#####;Odoo;15.0
###;9800;Libya;#####;Odoo;15.0
###;9872;Libya;#####;Odoo;15.0
###;55555;Libya;#####;Odoo;15.0
###;32400;Libya;#####;Odoo;15.0
###;8493;Libya;#####;Odoo;15.0
###;4343;Libya;#####;Odoo;15.0
###;6664;Libya;#####;Odoo;15.0
###;3004;Libya;#####;Odoo;15.0
###;7989;Libya;#####;Odoo;15.0
###;10348;Libya;#####;Odoo;15.0
###;1200;Libya;#####;Odoo;15.0
###;2599;Libya;#####;Odoo;15.0
###;8788;Libya;#####;Odoo;15.0
###;3689;Libya;#####;Odoo;15.0
###;18081;Libya;#####;Odoo;15.0
###;9092;Libya;#####;Odoo;15.0
###;5560;Libya;#####;Odoo;15.0
###;20900;Libya;#####;Odoo;15.0
###;9154;Libya;#####;Odoo;15.0
###;13380;Libya;#####;Odoo;15.0
###;15002;Libya;#####;Odoo;15.0
###;5051;Libya;#####;Odoo;15.0
###;3443;Libya;#####;Odoo;15.0
###;5122;Libya;#####;Odoo;15.0
###;17772;Libya;#####;Odoo;15.0
###;8888;Libya;#####;Odoo;15.0
###;5254;Libya;#####;Odoo;15.0
###;8637;Libya;#####;Odoo;15.0
###;2709;Libya;#####;Odoo;15.0
###;45821;Libya;#####;Odoo;15.0
###;50997;Libya;#####;Odoo;15.0
###;8060;Libya;#####;Odoo;15.0
###;3301;Libya;#####;Odoo;15.0
###;12084;Libya;#####;Odoo;15.0
###;6005;Libya;#####;Odoo;15.0
###;12184;Libya;#####;Odoo;15.0
###;4165;Libya;#####;Odoo;15.0
###;3402;Libya;#####;Odoo;15.0
###;1741;Libya;#####;Odoo;15.0
###;12308;Libya;#####;Odoo;15.0
###;18014;Libya;#####;Odoo;15.0
###;2222;Libya;#####;Odoo;15.0
###;12413;Libya;#####;Odoo;15.0
###;16024;Libya;#####;Odoo;15.0
###;9089;Libya;#####;Odoo;15.0
###;8643;Libya;#####;Odoo;15.0
###;442;Libya;#####;Odoo;15.0
###;44510;Libya;#####;Odoo;15.0
###;12548;Libya;#####;Odoo;15.0
###;2375;Libya;#####;Odoo;15.0
###;43009;Libya;#####;Odoo;15.0
###;8790;Libya;#####;Odoo;15.0
###;12113;Libya;#####;Odoo;15.0
###;8732;Libya;#####;Odoo;15.0
###;28015;Libya;#####;Odoo;15.0
###;19071;Libya;#####;Odoo;15.0
###;12124;Libya;#####;Odoo;15.0
###;21282;Libya;#####;Odoo;15.0
###;4550;Libya;#####;Odoo;15.0
###;993;Libya;#####;Odoo;15.0
###;22380;Libya;#####;Odoo;15.0
###;10048;Libya;#####;Odoo;15.0
###;5500;Libya;#####;Odoo;15.0
###;21283;Libya;#####;Odoo;15.0
###;50006;Libya;#####;Odoo;15.0
###;51106;Libya;#####;Odoo;15.0
###;51005;Libya;#####;Odoo;15.0
###;12483;Libya;#####;Odoo;15.0
###;26;Libya;#####;Odoo;15.0
###;5256;Libya;#####;Odoo;15.0
###;646;Libya;#####;Odoo;15.0
###;7779;Libya;#####;Odoo;15.0
###;7657;Libya;#####;Odoo;15.0
###;3152;Libya;#####;Odoo;15.0
###;8876;Libya;#####;Odoo;15.0
###;8578;Libya;#####;Odoo;15.0
###;4023;Libya;#####;Odoo;15.0
###;8444;Libya;#####;Odoo;15.0
###;3069;Libya;#####;Odoo;15.0
###;18061;Libya;#####;Odoo;15.0
###;21238;Libya;#####;Odoo;15.0
###;9134;Libya;#####;Odoo;15.0
###;2566;Libya;#####;Odoo;15.0
###;7020;Libya;#####;Odoo;15.0
###;8816;Libya;#####;Odoo;15.0
###;10066;Libya;#####;Odoo;15.0
###;9247;Libya;#####;Odoo;15.0
###;8334;Libya;#####;Odoo;15.0
###;4899;Libya;#####;Odoo;15.0
###;21;Libya;#####;Odoo;15.0
###;5985;Libya;#####;Odoo;15.0
###;30700;Libya;#####;Odoo;15.0
###;12108;Libya;#####;Odoo;15.0
###;50050;Libya;#####;Odoo;15.0
###;990;Libya;#####;Odoo;15.0
###;28017;Libya;#####;Odoo;15.0
###;2806;Libya;#####;Odoo;15.0
###;45000;Libya;#####;Odoo;15.0
###;8575;Libya;#####;Odoo;15.0
###;10043;Libya;#####;Odoo;15.0
###;1443;Libya;#####;Odoo;15.0
###;3541;Libya;#####;Odoo;15.0
###;12585;Libya;#####;Odoo;15.0
###;8197;Libya;#####;Odoo;15.0
###;16018;Libya;#####;Odoo;15.0
###;9044;Libya;#####;Odoo;15.0
###;52869;Libya;#####;Odoo;15.0
###;10225;Libya;#####;Odoo;15.0
###;3142;Libya;#####;Odoo;15.0
###;1400;Libya;#####;Odoo;15.0
###;25565;Libya;#####;Odoo;15.0
###;60000;Libya;#####;Odoo;15.0
###;4300;Libya;#####;Odoo;15.0
###;12372;Libya;#####;Odoo;15.0
###;12254;Libya;#####;Odoo;15.0
###;9201;Libya;#####;Odoo;15.0
###;20440;Libya;#####;Odoo;15.0
###;2569;Libya;#####;Odoo;15.0
###;25105;Libya;#####;Odoo;15.0
###;45886;Libya;#####;Odoo;15.0
###;9098;Libya;#####;Odoo;15.0
###;12228;Libya;#####;Odoo;15.0
###;9033;Libya;#####;Odoo;15.0
###;13228;Libya;#####;Odoo;15.0
###;12471;Libya;#####;Odoo;15.0
###;8545;Libya;#####;Odoo;15.0
###;1959;Libya;#####;Odoo;15.0
###;9175;Libya;#####;Odoo;15.0
###;41800;Libya;#####;Odoo;15.0
###;9313;Libya;#####;Odoo;15.0
###;8883;Libya;#####;Odoo;15.0
###;1167;Libya;#####;Odoo;15.0
###;49153;Libya;#####;Odoo;15.0
###;8136;Libya;#####;Odoo;15.0
###;16007;Libya;#####;Odoo;15.0
###;5255;Libya;#####;Odoo;15.0
###;18037;Libya;#####;Odoo;15.0
###;225;Libya;#####;Odoo;15.0
###;18052;Libya;#####;Odoo;15.0
###;1456;Libya;#####;Odoo;15.0
###;37215;Libya;#####;Odoo;15.0
###;10090;Libya;#####;Odoo;15.0
###;2552;Libya;#####;Odoo;15.0
###;541;Libya;#####;Odoo;15.0
###;16099;Libya;#####;Odoo;15.0
###;3185;Libya;#####;Odoo;15.0
###;2353;Libya;#####;Odoo;15.0
###;21313;Libya;#####;Odoo;15.0
###;14330;Libya;#####;Odoo;15.0
###;50070;Libya;#####;Odoo;15.0
###;1925;Libya;#####;Odoo;15.0
###;16095;Libya;#####;Odoo;15.0
###;13780;Libya;#####;Odoo;15.0
###;2031;Libya;#####;Odoo;15.0
###;3103;Libya;#####;Odoo;15.0
###;8731;Libya;#####;Odoo;15.0
###;9918;Libya;#####;Odoo;15.0
###;12000;Libya;#####;Odoo;15.0
###;19084;Libya;#####;Odoo;15.0
###;8411;Libya;#####;Odoo;15.0
###;3559;Libya;#####;Odoo;15.0
###;8002;Libya;#####;Odoo;15.0
###;36983;Libya;#####;Odoo;15.0
###;9455;Libya;#####;Odoo;15.0
###;3311;Libya;#####;Odoo;15.0
###;8042;Libya;#####;Odoo;15.0
###;8543;Libya;#####;Odoo;15.0
###;52951;Libya;#####;Odoo;15.0
###;21269;Libya;#####;Odoo;15.0
###;9292;Libya;#####;Odoo;15.0
###;831;Libya;#####;Odoo;15.0
###;992;Libya;#####;Odoo;15.0
###;15151;Libya;#####;Odoo;15.0
###;9797;Libya;#####;Odoo;15.0
###;51434;Libya;#####;Odoo;15.0
###;12565;Libya;#####;Odoo;15.0
###;10040;Libya;#####;Odoo;15.0
###;10031;Libya;#####;Odoo;15.0
###;12588;Libya;#####;Odoo;15.0
###;10240;Libya;#####;Odoo;15.0
###;4664;Libya;#####;Odoo;15.0
###;9200;Libya;#####;Odoo;15.0
###;4455;Libya;#####;Odoo;15.0
###;12115;Libya;#####;Odoo;15.0
###;5567;Libya;#####;Odoo;15.0
###;60010;Libya;#####;Odoo;15.0
###;10068;Libya;#####;Odoo;15.0
###;12589;Libya;#####;Odoo;15.0
###;3749;Libya;#####;Odoo;15.0
###;9754;Libya;#####;Odoo;15.0
###;40029;Libya;#####;Odoo;15.0
###;45003;Libya;#####;Odoo;15.0
###;12211;Libya;#####;Odoo;15.0
###;9465;Libya;#####;Odoo;15.0
###;6134;Libya;#####;Odoo;15.0
###;12136;Libya;#####;Odoo;15.0
###;30110;Libya;#####;Odoo;15.0
###;9109;Libya;#####;Odoo;15.0
###;58378;Libya;#####;Odoo;15.0
###;12405;Libya;#####;Odoo;15.0
###;631;Libya;#####;Odoo;15.0
###;51294;Libya;#####;Odoo;15.0
###;48020;Libya;#####;Odoo;15.0
###;30050;Libya;#####;Odoo;15.0
###;18078;Libya;#####;Odoo;15.0
###;12291;Libya;#####;Odoo;15.0
###;62080;Libya;#####;Odoo;15.0
###;3111;Libya;#####;Odoo;15.0
###;1982;Libya;#####;Odoo;15.0
###;9057;Libya;#####;Odoo;15.0
###;5568;Libya;#####;Odoo;15.0
###;2525;Libya;#####;Odoo;15.0
###;12459;Libya;#####;Odoo;15.0
###;4911;Libya;#####;Odoo;15.0
###;84;Libya;#####;Odoo;15.0
###;3542;Libya;#####;Odoo;15.0
###;20185;Libya;#####;Odoo;15.0
###;5900;Libya;#####;Odoo;15.0
###;12382;Libya;#####;Odoo;15.0
###;12546;Libya;#####;Odoo;15.0
###;9312;Libya;#####;Odoo;15.0
###;1935;Libya;#####;Odoo;15.0
###;16086;Libya;#####;Odoo;15.0
###;4155;Libya;#####;Odoo;15.0
###;50122;Libya;#####;Odoo;15.0
###;6331;Libya;#####;Odoo;15.0
###;12366;Libya;#####;Odoo;15.0
###;20050;Libya;#####;Odoo;15.0
###;12579;Libya;#####;Odoo;15.0
###;6100;Libya;#####;Odoo;15.0
###;8086;Libya;#####;Odoo;15.0
###;12354;Libya;#####;Odoo;15.0
###;7170;Libya;#####;Odoo;15.0
###;9016;Libya;#####;Odoo;15.0
###;9093;Libya;#####;Odoo;15.0
###;3407;Libya;#####;Odoo;15.0
###;51235;Libya;#####;Odoo;15.0
###;50085;Libya;#####;Odoo;15.0
###;8993;Libya;#####;Odoo;15.0
###;8107;Libya;#####;Odoo;15.0
###;7025;Libya;#####;Odoo;15.0
###;8549;Libya;#####;Odoo;15.0
###;9981;Libya;#####;Odoo;15.0
###;10033;Libya;#####;Odoo;15.0
###;3269;Libya;#####;Odoo;15.0
###;9515;Libya;#####;Odoo;15.0
###;8123;Libya;#####;Odoo;15.0
###;3551;Libya;#####;Odoo;15.0
###;3066;Libya;#####;Odoo;15.0
###;1471;Libya;#####;Odoo;15.0
###;66;Libya;#####;Odoo;15.0
###;44420;Libya;#####;Odoo;15.0
###;9061;Libya;#####;Odoo;15.0
###;3135;Libya;#####;Odoo;15.0
###;12284;Libya;#####;Odoo;15.0
###;62237;Libya;#####;Odoo;15.0
###;5100;Libya;#####;Odoo;15.0
###;503;Libya;#####;Odoo;15.0
###;8100;Libya;#####;Odoo;15.0
###;12316;Libya;#####;Odoo;15.0
###;12146;Libya;#####;Odoo;15.0
###;8155;Libya;#####;Odoo;15.0
###;591;Libya;#####;Odoo;15.0
###;3580;Libya;#####;Odoo;15.0
###;16011;Libya;#####;Odoo;15.0
###;4148;Libya;#####;Odoo;15.0
###;2107;Libya;#####;Odoo;15.0
###;6070;Libya;#####;Odoo;15.0
###;18045;Libya;#####;Odoo;15.0
###;30007;Libya;#####;Odoo;15.0
###;5908;Libya;#####;Odoo;15.0
###;44500;Libya;#####;Odoo;15.0
###;602;Libya;#####;Odoo;15.0
###;60001;Libya;#####;Odoo;15.0
###;12322;Libya;#####;Odoo;15.0
###;8520;Libya;#####;Odoo;15.0
###;8425;Libya;#####;Odoo;15.0
###;12539;Libya;#####;Odoo;15.0
###;1979;Libya;#####;Odoo;15.0
###;6004;Libya;#####;Odoo;15.0
###;4104;Libya;#####;Odoo;15.0
###;12343;Libya;#####;Odoo;15.0
###;9196;Libya;#####;Odoo;15.0
###;21081;Libya;#####;Odoo;15.0
###;18071;Libya;#####;Odoo;15.0
###;11434;Libya;#####;Odoo;15.0
###;7401;Libya;#####;Odoo;15.0
###;1119;Libya;#####;Odoo;15.0
###;8104;Libya;#####;Odoo;15.0
###;9063;Libya;#####;Odoo;15.0
###;9909;Libya;#####;Odoo;15.0
###;47534;Libya;#####;Odoo;15.0
###;7325;Libya;#####;Odoo;15.0
###;8075;Libya;#####;Odoo;15.0
###;5910;Libya;#####;Odoo;15.0
###;12373;Libya;#####;Odoo;15.0
###;6955;Libya;#####;Odoo;15.0
###;12537;Libya;#####;Odoo;15.0
###;6514;Libya;#####;Odoo;15.0
###;8782;Libya;#####;Odoo;15.0
###;12286;Libya;#####;Odoo;15.0
###;22082;Libya;#####;Odoo;15.0
###;5061;Libya;#####;Odoo;15.0
###;4437;Libya;#####;Odoo;15.0
###;18096;Libya;#####;Odoo;15.0
###;23182;Libya;#####;Odoo;15.0
###;3106;Libya;#####;Odoo;15.0
###;49682;Libya;#####;Odoo;15.0
###;55000;Libya;#####;Odoo;15.0
###;45777;Libya;#####;Odoo;15.0
###;27017;Libya;#####;Odoo;15.0
###;20018;Libya;#####;Odoo;15.0
###;11481;Libya;#####;Odoo;15.0
###;22403;Libya;#####;Odoo;15.0
###;12183;Libya;#####;Odoo;15.0
###;8069;South Africa;#####;Odoo;15.0
###;18103;South Africa;#####;Odoo;15.0
###;8815;South Africa;#####;Odoo;15.0
###;8815;South Africa;#####;Odoo;15.0
###;8069;South Africa;#####;Odoo;15.0
###;8015;South Africa;#####;Odoo;15.0
###;8069;South Africa;#####;Odoo;15.0
###;12223;South Africa;#####;Odoo;15.0
###;12223;South Africa;#####;Odoo;15.0
###;8069;South Africa;#####;Odoo;15.0
###;8070;Mali;#####;Awesome Odoo;15.0
###;8069;Mauritius;#####;Odoo;15.0
###;8069;Nigeria;#####;Odoo;15.0
###;8069;Nigeria;#####;Odoo;15.0
###;8069;Ethiopia;#####;Odoo;15.0
###;8020;Tanzania, United Republic of;#####;Odoo;15.0
###;8069;Kenya;#####;Odoo;15.0
###;8069;Kenya;#####;Odoo;15.0
###;8072;Kenya;#####;Odoo;15.0
###;8069;Kenya;#####;Odoo;15.0
###;8069;Rwanda;#####;Odoo;15.0
###;8069;Rwanda;#####;Odoo;15.0
###;8070;Burundi;#####;Odoo;15.0
###;80;Burundi;#####;Odoo;15.0
###;8069;Egypt;#####;Odoo;15.0
###;5256;Egypt;#####;Odoo;15.0
###;8069;Egypt;#####;Odoo;15.0
###;8069;Egypt;#####;Odoo;15.0
###;10018;Egypt;#####;Odoo;15.0
###;8069;Egypt;#####;Odoo;15.0
###;9000;Egypt;#####;Odoo;15.0
###;8069;Egypt;#####;Odoo;15.0
###;8069;Egypt;#####;Odoo;15.0
###;8069;Egypt;#####;Odoo;15.0
###;8069;Egypt;#####;Odoo;15.0
###;8069;Egypt;#####;Odoo;15.0
###;8069;Egypt;#####;Odoo;15.0
###;8069;Egypt;#####;Odoo;15.0
###;8090;Egypt;#####;Odoo;15.0
###;8090;Egypt;#####;Odoo;15.0
###;8069;Egypt;#####;Odoo;15.0
###;8069;Egypt;#####;Odoo;15.0
###;8069;Egypt;#####;Odoo;15.0
###;8069;Egypt;#####;Odoo;15.0
###;8069;Egypt;#####;Odoo;15.0
###;80;Egypt;#####;Odoo;15.0
###;8069;Egypt;#####;Odoo;15.0
###;8069;Egypt;#####;Odoo;15.0
###;8069;Egypt;#####;Odoo;15.0
###;8069;Egypt;#####;Odoo;15.0
###;8015;Egypt;#####;Odoo;15.0
###;8069;Egypt;#####;Odoo;15.0
###;8069;Egypt;#####;Odoo;15.0
###;8069;Tunisia;#####;Odoo;15.0
###;8069;Tunisia;#####;Odoo;15.0
###;8069;Tunisia;#####;Odoo;15.0
###;8069;Tunisia;#####;Odoo;15.0
###;8069;Tunisia;#####;Odoo;15.0
###;8069;Tunisia;#####;Odoo;15.0
###;8069;Tunisia;#####;Odoo;15.0
###;80;Tunisia;#####;Odoo;15.0
###;8068;Tunisia;#####;Odoo;15.0
###;8069;Tunisia;#####;Odoo;15.0
###;8070;Tunisia;#####;Odoo;15.0
###;8077;Tunisia;#####;Odoo;15.0
###;8069;Madagascar;#####;Odoo;15.0
###;8075;Madagascar;#####;Odoo;15.0
###;8069;Uganda;#####; Home | Odoo ERP ;15.0
###;8075;Morocco;#####;Odoo;15.0
###;8069;Morocco;#####;Odoo;15.0
###;8069;Morocco;#####;Odoo;15.0
###;80;Morocco;#####;Odoo;15.0
###;7777;Morocco;#####;Odoo;15.0
###;8887;Morocco;#####;Odoo;15.0
###;8069;Morocco;#####;Odoo;15.0
###;8015;Morocco;#####;Odoo;15.0
###;8069;Morocco;#####;Odoo;15.0
###;8069;Morocco;#####;Odoo;15.0
###;8069;Morocco;#####;Odoo;15.0
###;8091;Zimbabwe;#####;Odoo;15.0
###;666;Senegal;#####;Odoo;16.0
###;8069;Senegal;#####;Odoo;16.0
###;8445;Senegal;#####;Odoo;16.0
###;8069;Algeria;#####;Odoo;16.0
###;8066;Algeria;#####;Odoo;16.0
###;8069;Algeria;#####;Odoo;16.0
###;8069;Mauritania;#####;Odoo;16.0
###;8069;Mauritania;#####;Odoo;16.0
###;8069;Mauritania;#####;Odoo;16.0
###;8069;Libya;#####;Odoo;16.0
###;8069;Libya;#####;Odoo;16.0
###;8069;Libya;#####;Odoo;16.0
###;8069;Libya;#####;Odoo;16.0
###;8069;Libya;#####;Odoo;16.0
###;8072;Libya;#####;Odoo;16.0
###;8069;Libya;#####;Odoo;16.0
###;8072;Libya;#####;Odoo;16.0
###;8069;South Africa;#####;Odoo;16.0
###;8069;South Africa;#####;Odoo;16.0
###;8069;South Africa;#####;Odoo;16.0
###;80;South Africa;#####;Odoo;16.0
###;80;South Africa;#####;Odoo;16.0
###;8050;South Africa;#####;Odoo;16.0
###;80;South Africa;#####;Odoo;16.0
###;8816;South Africa;#####;Odoo;16.0
###;9052;South Africa;#####;Odoo;16.0
###;8069;South Africa;#####;Odoo;16.0
###;8072;South Africa;#####;Odoo;16.0
###;8072;South Africa;#####;Odoo;16.0
###;8079;South Africa;#####;Odoo;16.0
###;8069;South Africa;#####;Odoo;16.0
###;8069;South Africa;#####;Odoo;16.0
###;80;South Africa;#####;Odoo;16.0
###;8816;South Africa;#####;Odoo;16.0
###;8069;South Africa;#####;Odoo;16.0
###;8069;South Africa;#####;Odoo;16.0
###;8000;South Africa;#####;Odoo;16.0
###;80;South Africa;#####;Odoo;16.0
###;8079;South Africa;#####;Odoo;16.0
###;8093;South Africa;#####;Odoo;16.0
###;8069;South Africa;#####;Odoo;16.0
###;8069;South Africa;#####;Odoo;16.0
###;8069;South Africa;#####;Odoo;16.0
###;8069;South Africa;#####;Odoo;16.0
###;8069;South Africa;#####;Odoo;16.0
###;8069;South Africa;#####;Odoo;16.0
###;8072;South Africa;#####;Odoo;16.0
###;8069;South Africa;#####;Odoo;16.0
###;8069;South Africa;#####;Odoo;16.0
###;8076;South Africa;#####;Odoo;16.0
###;8072;South Africa;#####;Odoo;16.0
###;8078;South Africa;#####;Odoo;16.0
###;8816;South Africa;#####;Odoo;16.0
###;8069;South Africa;#####;Odoo;16.0
###;80;South Africa;#####;Odoo;16.0
###;8072;South Africa;#####;Odoo;16.0
###;8082;South Africa;#####;Odoo;16.0
###;8078;South Africa;#####;Odoo;16.0
###;8816;South Africa;#####;Odoo;16.0
###;8069;South Africa;#####;Odoo;16.0
###;8098;South Africa;#####;Odoo;16.0
###;80;South Africa;#####;Odoo;16.0
###;8069;South Africa;#####;Odoo;16.0
###;8069;South Africa;#####;Odoo;16.0
###;8077;South Africa;#####;Odoo;16.0
###;8069;Mali;#####;Odoo;16.0
###;8069;Mali;#####;Odoo;16.0
###;8069;Mali;#####;Odoo;16.0
###;9000;Somalia;#####;Odoo;16.0
###;8826;Somalia;#####;Odoo;16.0
###;8816;Somalia;#####;Odoo;16.0
###;80;Somalia;#####;Odoo;16.0
###;8999;Somalia;#####;Odoo;16.0
###;8069;Somalia;#####;Eurosom, cloud solutions, artificial intelligence, erp odoo;16.0
###;8004;Somalia;#####;Odoo;16.0
###;8069;Mauritius;#####;Odoo;16.0
###;8069;Mauritius;#####;Odoo;16.0
###;80;Nigeria;#####;Odoo;16.0
###;8069;Nigeria;#####;Odoo;16.0
###;8069;Nigeria;#####;Odoo;16.0
###;8069;Nigeria;#####;Odoo;16.0
###;8069;Ethiopia;#####;Odoo;16.0
###;8069;Ethiopia;#####;Odoo;16.0
###;8069;Ethiopia;#####;Odoo;16.0
###;8069;Ethiopia;#####;Odoo;16.0
###;8069;Ethiopia;#####;Odoo;16.0
###;8080;Ethiopia;#####;Odoo;16.0
###;8069;Ethiopia;#####;Odoo;16.0
###;8069;Ethiopia;#####;Odoo;16.0
###;8029;Ethiopia;#####;Odoo;16.0
###;8069;Ethiopia;#####;Odoo;16.0
###;8079;Ethiopia;#####;Odoo;16.0
###;8069;Ethiopia;#####;Odoo;16.0
###;8069;Tanzania, United Republic of;#####;Odoo;16.0
###;8065;Tanzania, United Republic of;#####;Odoo;16.0
###;8016;Tanzania, United Republic of;#####;Odoo;16.0
###;8069;Kenya;#####;Odoo;16.0
###;8069;Kenya;#####;Odoo;16.0
###;8069;Kenya;#####;Odoo;16.0
###;8069;Kenya;#####;Odoo;16.0
###;8069;Kenya;#####;Odoo;16.0
###;8069;Kenya;#####;Odoo;16.0
###;10016;Kenya;#####;Odoo;16.0
###;8016;Kenya;#####;Odoo;16.0
###;8069;Kenya;#####;Odoo;16.0
###;8069;Rwanda;#####;Odoo;16.0
###;18108;Egypt;#####;Odoo;16.0
###;18105;Egypt;#####;Odoo;16.0
###;18106;Egypt;#####;Odoo;16.0
###;18107;Egypt;#####;Odoo;16.0
###;8069;Egypt;#####;Odoo;16.0
###;18111;Egypt;#####;Odoo;16.0
###;18113;Egypt;#####;Odoo;16.0
###;80;Egypt;#####;Odoo;16.0
###;8069;Egypt;#####;Odoo;16.0
###;8069;Egypt;#####;Odoo;16.0
###;18109;Egypt;#####;Odoo;16.0
###;8098;Egypt;#####;Odoo;16.0
###;18102;Egypt;#####;Odoo;16.0
###;8093;Egypt;#####;Odoo;16.0
###;8165;Egypt;#####;Odoo;16.0
###;8069;Egypt;#####;Odoo;16.0
###;18103;Egypt;#####;Odoo;16.0
###;8069;Egypt;#####;Odoo;16.0
###;8069;Egypt;#####;Odoo;16.0
###;8069;Egypt;#####;Odoo;16.0
###;8086;Egypt;#####;Odoo;16.0
###;9990;Egypt;#####;Odoo;16.0
###;8069;Egypt;#####;Odoo;16.0
###;8069;Egypt;#####;Odoo;16.0
###;8069;Egypt;#####;Odoo;16.0
###;8069;Egypt;#####;Odoo;16.0
###;8069;Egypt;#####;Odoo;16.0
###;8069;Egypt;#####;Odoo;16.0
###;8069;Egypt;#####;Odoo;16.0
###;8072;Egypt;#####;Odoo;16.0
###;8069;Congo, The Democratic Republic of the;#####;Odoo;16.0
###;80;Tunisia;#####;Odoo;16.0
###;83;Tunisia;#####;Odoo;16.0
###;8075;Tunisia;#####;Odoo;16.0
###;8069;Tunisia;#####;Odoo;16.0
###;8069;Tunisia;#####;Odoo;16.0
###;8069;Tunisia;#####;Odoo;16.0
###;8072;Tunisia;#####;Odoo;16.0
###;8070;Madagascar;#####;Odoo;16.0
###;8038;Madagascar;#####;Odoo;16.0
###;8016;Madagascar;#####;Odoo;16.0
###;8069;Madagascar;#####;Odoo;16.0
###;80;Madagascar;#####;Odoo;16.0
###;8069;Madagascar;#####;Odoo;16.0
###;8016;Madagascar;#####;Odoo;16.0
###;8069;Madagascar;#####;Odoo;16.0
###;8060;Morocco;#####;Odoo;16.0
###;8069;Morocco;#####;Odoo;16.0
###;8069;Morocco;#####;Odoo;16.0
###;8069;Morocco;#####;Odoo;16.0
###;8069;Morocco;#####;Odoo;16.0
###;8069;Morocco;#####;Odoo;16.0
###;80;Morocco;#####;Odoo;16.0
###;8072;Morocco;#####;Odoo;16.0
###;8090;Morocco;#####;Odoo;16.0
###;8069;Morocco;#####;Odoo;16.0
###;8069;Morocco;#####;Odoo;16.0
###;8070;Zimbabwe;#####;Odoo;16.0
###;8010;Zimbabwe;#####;Odoo;16.0
###;8069;Zimbabwe;#####;Odoo;16.0
###;17010;Guinea;#####;Odoo;17.0
###;8099;Algeria;#####;Odoo;17.0
###;8069;Algeria;#####;Odoo;17.0
###;8069;Algeria;#####;Odoo;17.0
###;8069;Algeria;#####;Odoo;17.0
###;8069;Algeria;#####;Odoo;17.0
###;8069;Algeria;#####;Odoo;17.0
###;8070;Algeria;#####;Odoo;17.0
###;8070;Algeria;#####;Odoo;17.0
###;8069;Algeria;#####;Odoo;17.0
###;8069;Algeria;#####;Odoo;17.0
###;8090;Côte d'Ivoire;#####;Odoo;17.0
###;8069;Côte d'Ivoire;#####;Odoo;17.0
###;81;Mauritania;#####;Odoo;17.0
###;80;Mauritania;#####;Odoo;17.0
###;40005;Ghana;#####;Odoo;17.0
###;17001;Ghana;#####;Odoo;17.0
###;8069;Libya;#####;Odoo;17.0
###;8069;Libya;#####;Odoo;17.0
###;8069;Libya;#####;Odoo;17.0
###;8069;Libya;#####;Odoo;17.0
###;8069;Libya;#####;Odoo;17.0
###;8069;Libya;#####;Odoo;17.0
###;8069;Libya;#####;Odoo;17.0
###;8069;Libya;#####;Odoo;17.0
###;8072;Libya;#####;Odoo;17.0
###;80;South Africa;#####;Odoo;17.0
###;8969;South Africa;#####;Odoo;17.0
###;80;South Africa;#####;Odoo;17.0
###;9018;South Africa;#####;Odoo;17.0
###;8969;South Africa;#####;Odoo;17.0
###;80;South Africa;#####;Odoo;17.0
###;8817;South Africa;#####;Odoo;17.0
###;8072;South Africa;#####;Odoo;17.0
###;8072;South Africa;#####;Odoo;17.0
###;8099;South Africa;#####;Odoo;17.0
###;80;South Africa;#####;Odoo;17.0
###;8069;South Africa;#####;Odoo;17.0
###;9000;South Africa;#####;Odoo;17.0
###;9999;South Africa;#####;Odoo;17.0
###;8086;South Africa;#####;Odoo;17.0
###;8082;South Africa;#####;Odoo;17.0
###;9000;South Africa;#####;Not available;17.0
###;8075;South Africa;#####;Odoo;17.0
###;8090;South Africa;#####;Odoo;17.0
###;8069;South Africa;#####;Odoo;17.0
###;8069;South Africa;#####;Odoo;17.0
###;8999;South Africa;#####;Odoo;17.0
###;8969;South Africa;#####;Odoo;17.0
###;8071;South Africa;#####;Odoo;17.0
###;8069;South Africa;#####;Odoo;17.0
###;8069;South Africa;#####;Odoo;17.0
###;8075;South Africa;#####;Odoo;17.0
###;9000;South Africa;#####;Odoo;17.0
###;8075;South Africa;#####;Odoo;17.0
###;8095;South Africa;#####;Odoo;17.0
###;80;South Africa;#####;Odoo;17.0
###;2051;South Africa;#####;Odoo;17.0
###;8169;South Africa;#####;Odoo;17.0
###;8075;South Africa;#####;Odoo;17.0
###;9099;South Africa;#####;Odoo;17.0
###;8069;South Africa;#####;Odoo;17.0
###;8175;South Africa;#####;Odoo;17.0
###;8999;South Africa;#####;Odoo;17.0
###;8817;South Africa;#####;Odoo;17.0
###;8069;South Africa;#####;Odoo;17.0
###;8073;South Africa;#####;Odoo;17.0
###;80;South Africa;#####;Odoo;17.0
###;8075;South Africa;#####;Odoo;17.0
###;80;South Africa;#####;Odoo;17.0
###;8073;South Africa;#####;Odoo;17.0
###;9098;South Africa;#####;Odoo;17.0
###;9099;South Africa;#####;Odoo;17.0
###;8069;South Africa;#####;Odoo;17.0
###;8999;South Africa;#####;Odoo;17.0
###;8175;South Africa;#####;Odoo;17.0
###;8999;South Africa;#####;Odoo;17.0
###;8817;South Africa;#####;Odoo;17.0
###;8069;South Africa;#####;Odoo;17.0
###;8069;South Africa;#####;Odoo;17.0
###;8069;South Africa;#####;Odoo;17.0
###;8069;South Africa;#####;Odoo;17.0
###;8073;South Africa;#####;Odoo;17.0
###;8069;Mali;#####;Odoo;17.0
###;11443;Togo;#####;Odoo;17.0
###;8069;Togo;#####;Odoo;17.0
###;8069;Mauritius;#####;Odoo;17.0
###;8069;Mauritius;#####;Odoo;17.0
###;8069;Mauritius;#####;Odoo;17.0
###;8072;Mauritius;#####;Odoo;17.0
###;8069;Mauritius;#####;Odoo;17.0
###;8069;Nigeria;#####;Odoo;17.0
###;8069;Nigeria;#####;Odoo;17.0
###;8169;Nigeria;#####;Odoo;17.0
###;8069;Nigeria;#####;Odoo;17.0
###;8016;Nigeria;#####;Odoo;17.0
###;80;Nigeria;#####;Odoo;17.0
###;8069;Ethiopia;#####;Odoo;17.0
###;9012;Ethiopia;#####;Odoo;17.0
###;80;Ethiopia;#####;Odoo;17.0
###;8072;Ethiopia;#####;Odoo;17.0
###;8070;Ethiopia;#####;Odoo;17.0
###;8072;Ethiopia;#####;Odoo;17.0
###;8069;Ethiopia;#####;Odoo;17.0
###;80;Ethiopia;#####;Odoo;17.0
###;10017;Ethiopia;#####;Odoo;17.0
###;9013;Ethiopia;#####;Odoo;17.0
###;8080;Ethiopia;#####;Odoo;17.0
###;8069;Ethiopia;#####;Odoo;17.0
###;80;Ethiopia;#####;Odoo;17.0
###;8069;Ethiopia;#####;Odoo;17.0
###;8069;Ethiopia;#####;Odoo;17.0
###;8069;Ethiopia;#####;Odoo;17.0
###;8069;Ethiopia;#####;Odoo;17.0
###;8069;Ethiopia;#####;Odoo;17.0
###;9009;Ethiopia;#####;Odoo;17.0
###;8069;Ethiopia;#####;Odoo;17.0
###;8069;Ethiopia;#####;Odoo;17.0
###;8069;Tanzania, United Republic of;#####;Odoo;17.0
###;8069;Kenya;#####;Odoo;17.0
###;8069;Kenya;#####;Odoo;17.0
###;8069;Kenya;#####;Odoo;17.0
###;8072;Kenya;#####;Odoo;17.0
###;8069;Kenya;#####;Odoo;17.0
###;8069;Kenya;#####;Odoo;17.0
###;8069;Egypt;#####;Odoo;17.0
###;8069;Egypt;#####;Odoo;17.0
###;8069;Egypt;#####;Odoo;17.0
###;8069;Egypt;#####;Odoo;17.0
###;8069;Egypt;#####;Odoo;17.0
###;8069;Egypt;#####;Odoo;17.0
###;8069;Egypt;#####;Odoo;17.0
###;8069;Egypt;#####;Odoo;17.0
###;8069;Egypt;#####;Odoo;17.0
###;8069;Egypt;#####;Odoo;17.0
###;8017;Egypt;#####;Odoo;17.0
###;8069;Egypt;#####;Odoo;17.0
###;8090;Egypt;#####;Odoo;17.0
###;8069;Egypt;#####;Odoo;17.0
###;80;Egypt;#####;Odoo;17.0
###;8069;Egypt;#####;Odoo;17.0
###;8069;Egypt;#####;Odoo;17.0
###;8069;Egypt;#####;Odoo;17.0
###;80;Egypt;#####;Odoo;17.0
###;8069;Egypt;#####;Odoo;17.0
###;8069;Egypt;#####;Odoo;17.0
###;8069;Egypt;#####;Odoo;17.0
###;8072;Egypt;#####;Odoo;17.0
###;8069;Egypt;#####;Odoo;17.0
###;8069;Egypt;#####;Odoo;17.0
###;8080;Egypt;#####;Odoo;17.0
###;8072;Egypt;#####;Odoo;17.0
###;8069;Egypt;#####;Odoo;17.0
###;80;Egypt;#####;Odoo;17.0
###;8069;Egypt;#####;Odoo;17.0
###;8069;Egypt;#####;Odoo;17.0
###;80;Egypt;#####;Odoo;17.0
###;8069;Egypt;#####;Odoo;17.0
###;8069;Egypt;#####;Odoo;17.0
###;8069;Egypt;#####;Odoo;17.0
###;8069;Egypt;#####;Odoo;17.0
###;8070;Egypt;#####;Odoo;17.0
###;8072;Egypt;#####;Odoo;17.0
###;8069;Egypt;#####;Odoo;17.0
###;8069;Egypt;#####;Odoo;17.0
###;8069;Egypt;#####;Odoo;17.0
###;8090;Egypt;#####;Odoo;17.0
###;8069;Egypt;#####;Odoo;17.0
###;8069;Egypt;#####;Odoo;17.0
###;8072;Egypt;#####;Odoo;17.0
###;8072;Egypt;#####;Odoo;17.0
###;8069;Tunisia;#####;Odoo;17.0
###;18069;Tunisia;#####;Odoo;17.0
###;8069;Tunisia;#####;Odoo;17.0
###;8069;Tunisia;#####;Odoo;17.0
###;18069;Tunisia;#####;Odoo;17.0
###;8069;Tunisia;#####;Odoo;17.0
###;8069;Tunisia;#####;Odoo;17.0
###;80;Tunisia;#####;Odoo;17.0
###;8069;Tunisia;#####;Odoo;17.0
###;80;Tunisia;#####;Odoo;17.0
###;8069;Tunisia;#####;Odoo;17.0
###;80;Madagascar;#####;Odoo;17.0
###;8090;Madagascar;#####;Odoo;17.0
###;8074;Madagascar;#####;Odoo;17.0
###;8027;Madagascar;#####;Odoo;17.0
###;8069;Madagascar;#####;Odoo;17.0
###;8097;Madagascar;#####;Odoo;17.0
###;8072;Madagascar;#####;Odoo;17.0
###;8066;Madagascar;#####;Odoo;17.0
###;8063;Madagascar;#####;Odoo;17.0
###;8069;Uganda;#####;Odoo;17.0
###;8069;Uganda;#####;Odoo;17.0
###;3181;Uganda;#####;Odoo;17.0
###;8069;Uganda;#####;Odoo;17.0
###;8069;Uganda;#####;Odoo;17.0
###;3178;Morocco;#####;Odoo;17.0
###;35251;Morocco;#####;Odoo;17.0
###;8069;Morocco;#####;Odoo;17.0
###;12544;Morocco;#####;Odoo;17.0
###;10025;Morocco;#####;Odoo;17.0
###;21291;Morocco;#####;Odoo;17.0
###;5122;Morocco;#####;Odoo;17.0
###;9211;Morocco;#####;Odoo;17.0
###;64683;Morocco;#####;Odoo;17.0
###;27017;Morocco;#####;Odoo;17.0
###;8832;Morocco;#####;Odoo;17.0
###;8189;Morocco;#####;Odoo;17.0
###;3270;Morocco;#####;Odoo;17.0
###;80;Morocco;#####;Odoo;17.0
###;8009;Morocco;#####;Odoo;17.0
###;6686;Morocco;#####;Odoo;17.0
###;2086;Morocco;#####;Odoo;17.0
###;9454;Morocco;#####;Odoo;17.0
###;20185;Morocco;#####;Odoo;17.0
###;10911;Morocco;#####;Odoo;17.0
###;3402;Morocco;#####;Odoo;17.0
###;7070;Morocco;#####;Odoo;17.0
###;80;Morocco;#####;Odoo;17.0
###;8069;Morocco;#####;Odoo;17.0
###;8080;Morocco;#####;Odoo;17.0
###;8069;Morocco;#####;Odoo;17.0
###;8069;Morocco;#####;Odoo;17.0
###;8069;Morocco;#####;Odoo;17.0
###;8069;Morocco;#####;Odoo;17.0
###;8069;Morocco;#####;Odoo;17.0
###;80;Morocco;#####; Home | Odoo ;17.0
###;80;Morocco;#####;Odoo;17.0
###;80;Morocco;#####;Odoo;17.0
###;80;Morocco;#####;Odoo;17.0
###;8069;Morocco;#####;Odoo;17.0
###;8072;Morocco;#####;Odoo;17.0
###;80;Morocco;#####;Odoo;17.0
###;8070;Morocco;#####;Odoo;17.0
###;8069;Morocco;#####;Odoo;17.0
###;8070;Morocco;#####;Odoo;17.0
###;8069;Senegal;#####;Odoo;18.0
###;8080;Senegal;#####;Odoo;18.0
###;8069;Senegal;#####;Odoo;18.0
###;8099;Algeria;#####;Odoo;18.0
###;8069;Algeria;#####;Odoo;18.0
###;80;Algeria;#####;Odoo;18.0
###;8069;Algeria;#####;Odoo;18.0
###;8069;Algeria;#####;Odoo;18.0
###;8072;Algeria;#####;Odoo;18.0
###;8090;Côte d'Ivoire;#####;Odoo;18.0
###;8069;Côte d'Ivoire;#####;Odoo;18.0
###;8069;Mauritania;#####;Odoo;18.0
###;80;Ghana;#####;Odoo;18.0
###;80;Ghana;#####;Odoo;18.0
###;8069;Ghana;#####;Odoo;18.0
###;8069;Libya;#####;Odoo;18.0
###;8069;Libya;#####;Odoo;18.0
###;8069;Libya;#####;Odoo;18.0
###;8072;Libya;#####;Odoo;18.0
###;8118;Libya;#####;Odoo;18.0
###;8069;Libya;#####;Odoo;18.0
###;8069;Libya;#####;Odoo;18.0
###;80;Libya;#####;Odoo;18.0
###;8069;Libya;#####;Odoo;18.0
###;80;South Africa;#####;Odoo;18.0
###;8069;South Africa;#####;Odoo;18.0
###;8077;South Africa;#####;Odoo;18.0
###;80;South Africa;#####;Odoo;18.0
###;8069;South Africa;#####;Odoo;18.0
###;8069;South Africa;#####;Odoo;18.0
###;8072;South Africa;#####;Odoo;18.0
###;8069;South Africa;#####;Odoo;18.0
###;8076;South Africa;#####;Odoo;18.0
###;8072;South Africa;#####;Odoo;18.0
###;8060;South Africa;#####;Odoo;18.0
###;8069;South Africa;#####;Odoo;18.0
###;8069;South Africa;#####;Redirecting...;18.0
###;8818;South Africa;#####;Odoo;18.0
###;8070;South Africa;#####;Home | My Website;18.0
###;8069;South Africa;#####;Odoo;18.0
###;8069;South Africa;#####;Odoo;18.0
###;8000;South Africa;#####;Odoo;18.0
###;8069;South Africa;#####;Odoo;18.0
###;8069;South Africa;#####;Odoo;18.0
###;8069;South Africa;#####;Odoo;18.0
###;8069;South Africa;#####;Odoo;18.0
###;8069;South Africa;#####;Odoo;18.0
###;8069;South Africa;#####;Odoo;18.0
###;8069;South Africa;#####;Odoo;18.0
###;8069;South Africa;#####;Odoo;18.0
###;8069;South Africa;#####;Odoo;18.0
###;8069;South Africa;#####;Odoo;18.0
###;8069;Somalia;#####;Odoo;18.0
###;8069;Mauritius;#####;Odoo;18.0
###;8069;Mauritius;#####;Odoo;18.0
###;8069;Nigeria;#####;Odoo;18.0
###;8069;Nigeria;#####;Odoo;18.0
###;8069;Nigeria;#####;Odoo;18.0
###;9000;Ethiopia;#####;Odoo;18.0
###;8069;Ethiopia;#####;Odoo;18.0
###;8069;Ethiopia;#####;Redirecting...;18.0
###;8010;Ethiopia;#####;Odoo;18.0
###;8069;Ethiopia;#####;Odoo;18.0
###;18004;Ethiopia;#####;Odoo;18.0
###;8069;Ethiopia;#####;Odoo;18.0
###;8069;Niger;#####;Odoo;18.0
###;8069;Kenya;#####;Odoo;18.0
###;8069;Kenya;#####;Odoo;18.0
###;8017;Kenya;#####;Odoo;18.0
###;8169;Kenya;#####;Odoo;18.0
###;8069;Kenya;#####;Odoo;18.0
###;80;Kenya;#####;Odoo;18.0
###;8069;Kenya;#####;Odoo;18.0
###;8069;Kenya;#####;Odoo;18.0
###;8018;Kenya;#####;Odoo;18.0
###;80;Kenya;#####;Odoo;18.0
###;8019;Kenya;#####;Odoo;18.0
###;8069;Kenya;#####;Odoo;18.0
###;8069;Kenya;#####;Odoo;18.0
###;8069;Kenya;#####;Odoo;18.0
###;8069;Kenya;#####;Odoo;18.0
###;80;Rwanda;#####;Odoo;18.0
###;80;Rwanda;#####;Odoo;18.0
###;8069;Egypt;#####;Odoo;18.0
###;8018;Egypt;#####;Odoo;18.0
###;6060;Egypt;#####;Odoo;18.0
###;8069;Egypt;#####;Odoo;18.0
###;8069;Egypt;#####;Odoo;18.0
###;8050;Egypt;#####;Odoo;18.0
###;8018;Egypt;#####;Odoo;18.0
###;8069;Egypt;#####;Odoo;18.0
###;8069;Egypt;#####;Odoo;18.0
###;8079;Egypt;#####;Odoo;18.0
###;8069;Egypt;#####;Odoo;18.0
###;80;Egypt;#####;Home | EGID Odoo;18.0
###;8069;Egypt;#####;Odoo;18.0
###;8069;Egypt;#####;Odoo;18.0
###;80;Egypt;#####;Odoo;18.0
###;8069;Egypt;#####;Odoo;18.0
###;8069;Egypt;#####;Odoo;18.0
###;8069;Egypt;#####;Odoo;18.0
###;10017;Egypt;#####;Odoo;18.0
###;10015;Egypt;#####;Odoo;18.0
###;8018;Egypt;#####;Odoo;18.0
###;80;Egypt;#####;Odoo;18.0
###;8069;Egypt;#####;Odoo;18.0
###;8069;Egypt;#####;Odoo;18.0
###;18225;Egypt;#####;Odoo;18.0
###;9600;Egypt;#####;Odoo;18.0
###;8069;Egypt;#####;Odoo;18.0
###;8020;Egypt;#####;Odoo;18.0
###;8069;Egypt;#####;Odoo;18.0
###;8099;Egypt;#####;Odoo;18.0
###;8019;Egypt;#####;Odoo;18.0
###;8069;Egypt;#####;Odoo;18.0
###;8069;Egypt;#####;Odoo;18.0
###;8069;Egypt;#####;Odoo;18.0
###;10030;Egypt;#####;Odoo;18.0
###;8018;Egypt;#####;Odoo;18.0
###;8069;Egypt;#####;Odoo;18.0
###;8074;Egypt;#####;Odoo;18.0
###;80;Egypt;#####;Odoo;18.0
###;10033;Egypt;#####;Odoo;18.0
###;80;Egypt;#####;Odoo;18.0
###;80;Egypt;#####;Odoo;18.0
###;8069;Egypt;#####;Odoo;18.0
###;8069;Egypt;#####;Odoo;18.0
###;8069;Egypt;#####;Odoo;18.0
###;8069;Congo, The Democratic Republic of the;#####;Odoo;18.0
###;8069;Tunisia;#####;Odoo;18.0
###;8069;Tunisia;#####;Odoo;18.0
###;80;Tunisia;#####;Odoo;18.0
###;8018;Tunisia;#####;Odoo;18.0
###;8069;Tunisia;#####;Odoo;18.0
###;8069;Tunisia;#####;Odoo;18.0
###;8069;Tunisia;#####;Odoo;18.0
###;8069;Tunisia;#####;Odoo;18.0
###;8080;Madagascar;#####;Odoo;18.0
###;8090;Madagascar;#####;Odoo;18.0
###;8082;Madagascar;#####;Odoo;18.0
###;8038;Uganda;#####;Odoo;18.0
###;8018;Uganda;#####;Odoo;18.0
###;8069;Morocco;#####;Odoo;18.0
###;8080;Morocco;#####;Odoo;18.0
###;8069;Morocco;#####;Odoo;18.0
###;8069;Morocco;#####;Odoo;18.0
###;80;Morocco;#####;Odoo;18.0
###;8069;Morocco;#####;Odoo;18.0
###;84;Morocco;#####;Odoo;18.0
###;8018;Morocco;#####;Odoo;18.0
###;8086;Morocco;#####;Odoo;18.0
###;8069;Morocco;#####;Odoo;18.0
###;3030;Morocco;#####;Odoo;18.0
###;8070;Morocco;#####;Odoo;18.0
###;8071;Morocco;#####;Odoo;18.0
###;8069;Morocco;#####;Odoo;18.0
###;9069;Morocco;#####;Odoo;18.0
###;8069;Morocco;#####;Odoo;18.0
###;8069;Morocco;#####;Odoo;18.0
###;8069;Morocco;#####;Odoo;18.0
###;9070;Zimbabwe;#####;Odoo;18.0
###;9071;Zimbabwe;#####;Odoo;18.0
###;9073;Zimbabwe;#####;Odoo;18.0
###;8090;Zimbabwe;#####;Odoo;18.0
###;8073;Zimbabwe;#####;Odoo;18.0
###;8031;Zimbabwe;#####;Odoo;18.0
###;8069;Zimbabwe;#####;Odoo;18.0
###;9071;Zimbabwe;#####;Odoo;18.0
###;8069;South Africa;#####;Odoo;18.1
###;8069;Uganda;#####;Odoo;18.1
###;8069;Algeria;#####;Odoo;18.5
###;8069;Algeria;#####;Odoo;19.0
###;8069;Ghana;#####;Odoo;19.0
###;8069;South Africa;#####;Odoo;19.0
###;8019;South Africa;#####;Odoo;19.0
###;80;South Africa;#####;Odoo;19.0
###;8069;South Africa;#####;Odoo;19.0
###;8069;South Africa;#####;Odoo;19.0
###;8072;South Africa;#####;Odoo;19.0
###;8069;South Africa;#####;Odoo;19.0
###;18080;South Africa;#####;Odoo;19.0
###;8069;South Africa;#####;Odoo;19.0
###;8069;South Africa;#####;Odoo;19.0
###;8069;South Africa;#####;Odoo;19.0
###;8073;South Africa;#####;Odoo;19.0
###;8069;South Africa;#####;Odoo;19.0
###;8073;South Africa;#####;Odoo;19.0
###;8069;South Africa;#####;Odoo;19.0
###;8040;Somalia;#####;Odoo;19.0
###;8069;Mauritius;#####;Odoo;19.0
###;80;Ethiopia;#####;Odoo;19.0
###;8069;Ethiopia;#####;Odoo;19.0
###;8069;Ethiopia;#####;Odoo;19.0
###;8090;Kenya;#####;Odoo;19.0
###;80;Egypt;#####;Odoo;19.0
###;8063;Egypt;#####;Odoo;19.0
###;8066;Egypt;#####;Odoo;19.0
###;8030;Egypt;#####;Odoo;19.0
###;8009;Egypt;#####;Odoo;19.0
###;8087;Egypt;#####;Odoo;19.0
###;8084;Egypt;#####;Odoo;19.0
###;8095;Egypt;#####;Odoo;19.0
###;8045;Egypt;#####;Odoo;19.0
###;8099;Egypt;#####;Odoo;19.0
###;8080;Egypt;#####;Odoo;19.0
###;8069;Egypt;#####;Odoo;19.0
###;8086;Egypt;#####;Odoo;19.0
###;8049;Egypt;#####;Odoo;19.0
###;8055;Egypt;#####;Odoo;19.0
###;8039;Egypt;#####;Odoo;19.0
###;8060;Egypt;#####;Odoo;19.0
###;8017;Egypt;#####;Odoo;19.0
###;8013;Egypt;#####;Odoo;19.0
###;8005;Egypt;#####;Odoo;19.0
###;8022;Egypt;#####;Odoo;19.0
###;8024;Egypt;#####;Odoo;19.0
###;8037;Egypt;#####;Odoo;19.0
###;8040;Egypt;#####;Odoo;19.0
###;8052;Egypt;#####;Odoo;19.0
###;8001;Egypt;#####;Odoo;19.0
###;8008;Egypt;#####;Odoo;19.0
###;8008;Egypt;#####;Odoo;19.0
###;8026;Egypt;#####;Odoo;19.0
###;8023;Egypt;#####;Odoo;19.0
###;8064;Egypt;#####;Odoo;19.0
###;8010;Egypt;#####;Odoo;19.0
###;8075;Egypt;#####;Odoo;19.0
###;8041;Egypt;#####;Odoo;19.0
###;8062;Egypt;#####;Odoo;19.0
###;8074;Egypt;#####;Odoo;19.0
###;8069;Egypt;#####;Odoo;19.0
###;8069;Tunisia;#####;Odoo;saas~16.4
###;8069;Tunisia;#####;Odoo;saas~16.4